{
  "norm_stats": {
    "state": {
      "mean": [
        0.000031065228540683165,
        0.00012576735753100365,
        -0.00012373585195746273,
        0.11566871404647827,
        -0.14972299337387085,
        -0.28210777044296265,
        -0.13412852585315704,
        0.258435994386673,
        -0.1911458969116211,
        0.2605859637260437,
        0.004152240231633186,
        0.003439095104113221,
        -0.1591048538684845,
        -0.2583794891834259,
        0.30036234855651855,
        -0.06544472277164459,
        -0.189146488904953,
        0.18168027698993683,
        -0.20693795382976532,
        0.003688076976686716,
        0.0029534867499023676,
        -0.033843737095594406,
        -0.8269900679588318
      ],
      "std": [
        0.00010342175664845854,
        0.00019915658049285412,
        0.0001421640918124467,
        0.34383442997932434,
        0.27120810747146606,
        0.14920008182525635,
        0.30352380871772766,
        0.16916784644126892,
        0.18535156548023224,
        0.31412652134895325,
        0.006393824703991413,
        0.005076246801763773,
        0.27785879373550415,
        0.2628799080848694,
        0.17331263422966003,
        0.29481977224349976,
        0.18279501795768738,
        0.2065068632364273,
        0.28769078850746155,
        0.006476031616330147,
        0.005141088273376226,
        0.11189603060483932,
        0.11364424973726273
      ],
      "q01": [
        -0.00042674851510673766,
        -0.0005143139185383916,
        -0.0005531680583022538,
        -0.538381185889244,
        -0.5743368733286858,
        -0.6637565145671367,
        -0.7372041557312011,
        -0.11504657906293869,
        -0.5435837388157845,
        -0.33765989422798154,
        0.0,
        0.0,
        -0.9943887150406837,
        -0.7806617803275585,
        -0.0418742682635784,
        -0.5816848533987999,
        -0.5524579071164131,
        -0.3285896523594857,
        -0.7961050083637238,
        0.0,
        0.0,
        -0.3332718021690846,
        -1.09931359584406
      ],
      "q99": [
        0.00023096443414688094,
        0.0006440593086066656,
        0.00016436727307736834,
        0.9538211299180985,
        0.43232575122118,
        0.031394172272086296,
        0.7273040637969972,
        0.6814894333481787,
        0.2764001805901528,
        0.7499771040678025,
        0.019065878254175186,
        0.014945320120453834,
        0.3000869761347771,
        0.27412443306446077,
        0.6631175293803215,
        0.6443597261548044,
        0.26029029350280763,
        0.7432096216082571,
        0.35384081907272336,
        0.01905177767276764,
        0.015367895482480525,
        0.21944494784474367,
        -0.5864294570855796
      ]
    },
    "actions": {
      "mean": [
        -0.00003106522126472555,
        -0.0001257673284271732,
        0.00012373585195746273,
        0.009586675092577934,
        -0.0010858511086553335,
        0.006219988223165274,
        -0.002832913538441062,
        0.0007608758169226348,
        0.00012421792780514807,
        -0.002095630159601569,
        0.004230306949466467,
        0.004230306949466467,
        -0.005312635563313961,
        -0.0016348455101251602,
        -0.006050857715308666,
        -0.00286372983828187,
        -0.0010668837931007147,
        -0.0007571474416181445,
        0.0068779513239860535,
        0.0038805489894002676,
        0.0038805489894002676,
        0.0021240650676190853,
        -0.01305493712425232
      ],
      "std": [
        0.0001034217348205857,
        0.0001991566241485998,
        0.00014216410636436194,
        0.16462191939353943,
        0.0893329530954361,
        0.06421682983636856,
        0.14758515357971191,
        0.0706786960363388,
        0.07481186836957932,
        0.10072913020849228,
        0.006749430205672979,
        0.006749430205672979,
        0.14238500595092773,
        0.08094151318073273,
        0.07476557791233063,
        0.15916022658348083,
        0.06985343992710114,
        0.07121280580759048,
        0.09005143493413925,
        0.006918477360159159,
        0.006918477360159159,
        0.040084101259708405,
        0.04486992210149765
      ],
      "q01": [
        -0.00023209258671849967,
        -0.0006459246439160779,
        -0.0001655062180478126,
        -0.4753114279270172,
        -0.26702663564682005,
        -0.1777234200596809,
        -0.4908107185363769,
        -0.22221435775756837,
        -0.2283204990148544,
        -0.34736405758857725,
        0.0,
        0.0,
        -0.5158774970769882,
        -0.2495342975854874,
        -0.27225307226181034,
        -0.5366176565170288,
        -0.22212370795011527,
        -0.20753650995492934,
        -0.29541671371459965,
        0.0,
        0.0,
        -0.12215876399278641,
        -0.12283329889774325
      ],
      "q99": [
        0.00042562036253511893,
        0.0005136921401019208,
        0.0005520291133318095,
        0.6302467031955721,
        0.32966761255264276,
        0.21166502419710165,
        0.5036231371879578,
        0.20661714791059493,
        0.2141834769845008,
        0.3574920571327209,
        0.02004077970981598,
        0.02004077970981598,
        0.46903386375904077,
        0.25678340543508527,
        0.18041349649429317,
        0.5175547049283982,
        0.20773219060897818,
        0.2172284950494766,
        0.2948131211161613,
        0.020776474571228026,
        0.020776474571228026,
        0.13920701057314877,
        0.15304506906867021
      ]
    }
  }
}